No,Candidate zID,Candidate Name,Test,Email ID,Faculty Name,School Name,Degree (PhD/MRes),Other roles within CSE,Password
1,z27693,eboiy,ad.student.unsw.edu.au,eboiy@ad.student.unsw.edu.au,Faculty of Engineering,Faculty of Engineering,Doctorate,,oStvp
2,z26743,cjclw,ad.student.unsw.edu.au,z26743@ad.student.unsw.edu.au,Faculty of Engineering,School of Computer Sci & Eng,Doctorate,Casual Academic,3IezP
3,z11330,cmpxy,ad.student.unsw.edu.au,z11330@ad.student.unsw.edu.au,Faculty of Engineering,School of Computer Sci & Eng,Doctorate,,qkUqk
4,z82918,lnczb,ad.student.unsw.edu.au,z82918@ad.student.unsw.edu.au,Faculty of Engineering,School of Computer Sci & Eng,Doctorate,,4CimQ
5,z73733,qelcs,ad.student.unsw.edu.au,z73733@ad.student.unsw.edu.au,Faculty of Engineering,School of Computer Sci & Eng,Doctorate,,TGtJO
6,z34966,xhooq,ad.student.unsw.edu.au,z34966@ad.student.unsw.edu.au,Faculty of Engineering,School of Computer Sci & Eng,Doctorate,,cZZfz
7,z98966,qttag,ad.student.unsw.edu.au,z98966@ad.student.unsw.edu.au,Faculty of Engineering,School of Computer Sci & Eng,Doctorate,,ygJhN
8,z58853,nanhc,ad.student.unsw.edu.au,z58853@ad.student.unsw.edu.au,Faculty of Engineering,School of Computer Sci & Eng,Doctorate,,t7CIK
9,z10987,exocn,ad.student.unsw.edu.au,z10987@ad.student.unsw.edu.au,Faculty of Engineering,School of Computer Sci & Eng,Doctorate,,eW3im
10,z34509,qonaf,ad.student.unsw.edu.au,z34509@ad.student.unsw.edu.au,Faculty of Engineering,School of Computer Sci & Eng,Doctorate,,zAyfc
11,z65363,bliax,ad.student.unsw.edu.au,z65363@ad.student.unsw.edu.au,Faculty of Engineering,School of Computer Sci & Eng,Doctorate,,mPQEK
12,z36563,dfaav,ad.student.unsw.edu.au,z36563@ad.student.unsw.edu.au,Faculty of Engineering,School of Computer Sci & Eng,Doctorate,,LxEXb
13,z27693,eboiy,ad.student.unsw.edu.au,z27693@ad.student.unsw.edu.au,Faculty of Engineering,School of Computer Sci & Eng,Doctorate,,CrpAX
14,z26743,cjclw,ad.student.unsw.edu.au,z26743@ad.student.unsw.edu.au,Faculty of Engineering,School of Computer Sci & Eng,Doctorate,Casual Academic,VYZD5
15,z11330,cmpxy,ad.student.unsw.edu.au,z11330@ad.student.unsw.edu.au,Faculty of Engineering,School of Computer Sci & Eng,Doctorate,Casual Academic,oOEDu
16,z82918,lnczb,ad.student.unsw.edu.au,z82918@ad.student.unsw.edu.au,Faculty of Engineering,School of Computer Sci & Eng,Doctorate,,iZnwI
17,z73733,qelcs,ad.student.unsw.edu.au,z73733@ad.student.unsw.edu.au,Faculty of Engineering,School of Computer Sci & Eng,Doctorate,,AVigh
18,z34966,xhooq,ad.student.unsw.edu.au,z34966@ad.student.unsw.edu.au,Faculty of Engineering,School of Computer Sci & Eng,Doctorate,,yRhiu
19,z98966,qttag,ad.student.unsw.edu.au,z98966@ad.student.unsw.edu.au,Faculty of Engineering,School of Computer Sci & Eng,Doctorate,,VuJpa
20,z58853,nanhc,ad.student.unsw.edu.au,z58853@ad.student.unsw.edu.au,Faculty of Engineering,School of Computer Sci & Eng,Doctorate,,7nlwn
21,z27693,exocn,ad.student.unsw.edu.au,z27693@ad.student.unsw.edu.au,Faculty of Engineering,School of Computer Sci & Eng,Doctorate,,vi3l7
22,z26743,qonaf,ad.student.unsw.edu.au,z26743@ad.student.unsw.edu.au,Faculty of Engineering,School of Computer Sci & Eng,Doctorate,,12344
23,z11330,bbvhv,ad.student.unsw.edu.au,z11330@ad.student.unsw.edu.au,Faculty of Engineering,School of Computer Sci & Eng,Doctorate,,CTKQ
24,z82918,dhdnd,ad.student.unsw.edu.au,z82918@ad.student.unsw.edu.au,Faculty of Engineering,School of Computer Sci & Eng,Doctorate,,iE2v1
25,z73733,eboiy,ad.student.unsw.edu.au,z73733@ad.student.unsw.edu.au,Faculty of Engineering,School of Computer Sci & Eng,Doctorate,,g54lY
26,z34966,cjclw,ad.student.unsw.edu.au,z34966@ad.student.unsw.edu.au,Faculty of Engineering,School of Computer Sci & Eng,Doctorate,,373rA
27,z98966,cmpxy,ad.student.unsw.edu.au,z98966@ad.student.unsw.edu.au,Faculty of Engineering,School of Computer Sci & Eng,Doctorate,Casual Academic,Zvttw
28,z58853,lnczb,ad.student.unsw.edu.au,z58853@ad.student.unsw.edu.au,Faculty of Engineering,School of Computer Sci & Eng,Doctorate,,ojg8l
29,z10987,qelcs,ad.student.unsw.edu.au,z10987@ad.student.unsw.edu.au,Faculty of Engineering,School of Computer Sci & Eng,Doctorate,Casual Academic,W2uwt
30,z34509,xhooq,ad.student.unsw.edu.au,z34509@ad.student.unsw.edu.au,Faculty of Engineering,School of Computer Sci & Eng,Doctorate,,ehE2R
31,z12546,qttag,ad.student.unsw.edu.au,z12546@ad.student.unsw.edu.au,Faculty of Engineering,School of Computer Sci & Eng,Doctorate,,SsPlI
32,z56858,nanhc,ad.student.unsw.edu.au,z56858@ad.student.unsw.edu.au,Faculty of Engineering,School of Computer Sci & Eng,Doctorate,,Zuazw
33,z27693,exocn,ad.student.unsw.edu.au,z27693@ad.student.unsw.edu.au,Faculty of Engineering,School of Computer Sci & Eng,Doctorate,,bwBXK
34,z26743,qonaf,ad.student.unsw.edu.au,z26743@ad.student.unsw.edu.au,Faculty of Engineering,School of Computer Sci & Eng,Doctorate,,71lOj
35,z11330,sdfgg,ad.student.unsw.edu.au,z11330@ad.student.unsw.edu.au,Faculty of Engineering,School of Computer Sci & Eng,Doctorate,,3mNXj
36,z82918,teddss,ad.student.unsw.edu.au,z82918@ad.student.unsw.edu.au,Faculty of Engineering,School of Computer Sci & Eng,Doctorate,,GoCOW
37,z73733,eboiy,ad.student.unsw.edu.au,z73733@ad.student.unsw.edu.au,Faculty of Engineering,School of Computer Sci & Eng,Doctorate,,094Fh
38,z34966,eboiy,ad.student.unsw.edu.au,z34966@ad.student.unsw.edu.au,Faculty of Engineering,School of Computer Sci & Eng,Doctorate,,CSBYO
39,z98966,cjclw,ad.student.unsw.edu.au,z98966@ad.student.unsw.edu.au,Faculty of Engineering,School of Computer Sci & Eng,Doctorate,,WcTkc
40,z58853,cmpxy,ad.student.unsw.edu.au,z58853@ad.student.unsw.edu.au,Faculty of Engineering,School of Computer Sci & Eng,Doctorate,,5XYII
41,z27693,lnczb,ad.student.unsw.edu.au,z27693@ad.student.unsw.edu.au,Faculty of Engineering,School of Computer Sci & Eng,Doctorate,,JaPR2
42,z26743,qelcs,ad.student.unsw.edu.au,z26743@ad.student.unsw.edu.au,Faculty of Engineering,School of Computer Sci & Eng,Doctorate,,N061t
43,z11330,xhooq,ad.student.unsw.edu.au,z11330@ad.student.unsw.edu.au,Faculty of Engineering,School of Computer Sci & Eng,Doctorate,,zMg5W
44,z82918,qttag,ad.student.unsw.edu.au,z82918@ad.student.unsw.edu.au,Faculty of Engineering,School of Computer Sci & Eng,Doctorate,Casual Academic,vXKHb
45,z73733,nanhc,ad.student.unsw.edu.au,z73733@ad.student.unsw.edu.au,Faculty of Engineering,School of Computer Sci & Eng,Doctorate,,oLuBt
46,z34966,exocn,ad.student.unsw.edu.au,z34966@ad.student.unsw.edu.au,Faculty of Engineering,School of Computer Sci & Eng,Doctorate,,kGFbG
47,z98966,qonaf,ad.student.unsw.edu.au,z98966@ad.student.unsw.edu.au,Faculty of Engineering,School of Computer Sci & Eng,Doctorate,,nhqjT
48,z58853,onaz,ad.student.unsw.edu.au,z58853@ad.student.unsw.edu.au,Faculty of Engineering,School of Computer Sci & Eng,Doctorate,,ycAgs
49,z10987,daisy,ad.student.unsw.edu.au,z10987@ad.student.unsw.edu.au,Faculty of Engineering,School of Computer Sci & Eng,Doctorate,,wUPP4
50,z34509,eboiy,ad.student.unsw.edu.au,z34509@ad.student.unsw.edu.au,Faculty of Engineering,School of Computer Sci & Eng,Doctorate,,aJVZO
51,z85858,cjclw,ad.student.unsw.edu.au,z85858@ad.student.unsw.edu.au,Faculty of Engineering,School of Computer Sci & Eng,Doctorate,,Tx06f
52,z65656,cmpxy,ad.student.unsw.edu.au,z65656@ad.student.unsw.edu.au,Faculty of Engineering,School of Computer Sci & Eng,Doctorate,,Ji31w
53,z27693,lnczb,ad.student.unsw.edu.au,z27693@ad.student.unsw.edu.au,Faculty of Engineering,School of Computer Sci & Eng,Doctorate,,lU6Lh
54,z26743,qelcs,ad.student.unsw.edu.au,z26743@ad.student.unsw.edu.au,Faculty of Engineering,School of Computer Sci & Eng,Doctorate,,H5ECt
55,z11330,xhooq,ad.student.unsw.edu.au,z11330@ad.student.unsw.edu.au,Faculty of Engineering,School of Computer Sci & Eng,Doctorate,,mM1hx
56,z82918,qttag,ad.student.unsw.edu.au,z82918@ad.student.unsw.edu.au,Faculty of Engineering,School of Computer Sci & Eng,Doctorate,,SxzlB
57,z73733,nanhc,ad.student.unsw.edu.au,z73733@ad.student.unsw.edu.au,Faculty of Engineering,School of Computer Sci & Eng,Doctorate,Casual Academic,4aiHy
58,z34966,exocn,ad.student.unsw.edu.au,z34966@ad.student.unsw.edu.au,Faculty of Engineering,School of Computer Sci & Eng,Doctorate,Casual Academic,sdWOc
59,z98966,qonaf,ad.student.unsw.edu.au,z98966@ad.student.unsw.edu.au,Faculty of Engineering,School of Computer Sci & Eng,Doctorate,Casual Academic,vqcCi
60,z58853,prads,ad.student.unsw.edu.au,z58853@ad.student.unsw.edu.au,Faculty of Engineering,School of Computer Sci & Eng,Doctorate,,5n82i
61,z27693,nands,ad.student.unsw.edu.au,z27693@ad.student.unsw.edu.au,Faculty of Engineering,School of Computer Sci & Eng,Doctorate,,0A2y1
62,z26743,eboiy,ad.student.unsw.edu.au,z26743@ad.student.unsw.edu.au,Faculty of Engineering,School of Computer Sci & Eng,Doctorate,,XdYSH
63,z11330,cjclw,ad.student.unsw.edu.au,z11330@ad.student.unsw.edu.au,Faculty of Engineering,School of Computer Sci & Eng,Doctorate,,NwQU7
64,z82918,cmpxy,ad.student.unsw.edu.au,z82918@ad.student.unsw.edu.au,Faculty of Engineering,School of Computer Sci & Eng,Doctorate,,9wdp3
65,z73733,lnczb,ad.student.unsw.edu.au,z73733@ad.student.unsw.edu.au,Faculty of Engineering,School of Computer Sci & Eng,Doctorate,,7633f
66,z34966,qelcs,ad.student.unsw.edu.au,z34966@ad.student.unsw.edu.au,Faculty of Engineering,School of Computer Sci & Eng,Doctorate,,MFIe
67,z98966,xhooq,ad.student.unsw.edu.au,z98966@ad.student.unsw.edu.au,Faculty of Engineering,School of Computer Sci & Eng,Doctorate,,U7QJE
68,z58853,qttag,ad.student.unsw.edu.au,z58853@ad.student.unsw.edu.au,Faculty of Engineering,School of Computer Sci & Eng,Doctorate,,P9CrD
69,z10987,nanhc,ad.student.unsw.edu.au,z10987@ad.student.unsw.edu.au,Faculty of Engineering,School of Computer Sci & Eng,Doctorate,,DJWhf
70,z34509,exocn,ad.student.unsw.edu.au,z34509@ad.student.unsw.edu.au,Faculty of Engineering,School of Computer Sci & Eng,Doctorate,,lrzTl
71,z23696,qonaf,ad.student.unsw.edu.au,z23696@ad.student.unsw.edu.au,Faculty of Engineering,School of Computer Sci & Eng,Doctorate,,ntOHl
72,z39852,njec,ad.student.unsw.edu.au,z39852@ad.student.unsw.edu.au,Faculty of Engineering,School of Computer Sci & Eng,Doctorate,,pWzjA
73,z27693,junra,ad.student.unsw.edu.au,z27693@ad.student.unsw.edu.au,Faculty of Engineering,School of Computer Sci & Eng,Doctorate,,az60P
74,z26743,eboiy,ad.student.unsw.edu.au,z26743@ad.student.unsw.edu.au,Faculty of Engineering,School of Computer Sci & Eng,Doctorate,,VDV0T
75,z11330,eboiy,ad.student.unsw.edu.au,z11330@ad.student.unsw.edu.au,Faculty of Engineering,School of Computer Sci & Eng,Doctorate,,n62ZF
76,z82918,cjclw,ad.student.unsw.edu.au,z82918@ad.student.unsw.edu.au,Faculty of Engineering,School of Computer Sci & Eng,Doctorate,,8xN2O
77,z73733,cmpxy,ad.student.unsw.edu.au,z73733@ad.student.unsw.edu.au,Faculty of Engineering,School of Computer Sci & Eng,Doctorate,,tQVCB
78,z34966,lnczb,ad.student.unsw.edu.au,z34966@ad.student.unsw.edu.au,Faculty of Engineering,School of Computer Sci & Eng,Doctorate,,ZUgpY
79,z98966,qelcs,ad.student.unsw.edu.au,z98966@ad.student.unsw.edu.au,Faculty of Engineering,School of Computer Sci & Eng,Doctorate,,Qp3LT
80,z58853,xhooq,ad.student.unsw.edu.au,z58853@ad.student.unsw.edu.au,Faculty of Engineering,School of Computer Sci & Eng,Doctorate,,hePiv
81,z27693,qttag,ad.student.unsw.edu.au,z27693@ad.student.unsw.edu.au,Faculty of Engineering,School of Computer Sci & Eng,Doctorate,,iMe7Q
82,z26743,nanhc,ad.student.unsw.edu.au,z26743@ad.student.unsw.edu.au,Faculty of Engineering,School of Computer Sci & Eng,Doctorate,,9KAXU
83,z11330,exocn,ad.student.unsw.edu.au,z11330@ad.student.unsw.edu.au,Faculty of Engineering,School of Computer Sci & Eng,Doctorate,,AwX9x
84,z82918,qonaf,ad.student.unsw.edu.au,z82918@ad.student.unsw.edu.au,Faculty of Engineering,School of Computer Sci & Eng,Doctorate,,cbdAL
85,z73733,jishz,ad.student.unsw.edu.au,z73733@ad.student.unsw.edu.au,Faculty of Engineering,School of Computer Sci & Eng,Doctorate,,nlTw9
86,z34966,cpids,ad.student.unsw.edu.au,z34966@ad.student.unsw.edu.au,Faculty of Engineering,School of Computer Sci & Eng,Doctorate,,dAoV5
87,z98966,eboiy,ad.student.unsw.edu.au,z98966@ad.student.unsw.edu.au,Faculty of Engineering,School of Computer Sci & Eng,Doctorate,Casual Academic,vXKHb
88,z58853,cjclw,ad.student.unsw.edu.au,z58853@ad.student.unsw.edu.au,Faculty of Engineering,School of Computer Sci & Eng,Doctorate,Casual Academic,oLuBt
89,z10987,cmpxy,ad.student.unsw.edu.au,z10987@ad.student.unsw.edu.au,Faculty of Engineering,School of Computer Sci & Eng,Doctorate,Casual Academic,kGFbG
90,z34509,lnczb,ad.student.unsw.edu.au,z34509@ad.student.unsw.edu.au,Faculty of Engineering,School of Computer Sci & Eng,Doctorate,Casual Academic,nhqjT
91,z45696,qelcs,ad.student.unsw.edu.au,z45696@ad.student.unsw.edu.au,Faculty of Engineering,School of Computer Sci & Eng,Doctorate,Casual Academic,ycAgs
92,z54544,xhooq,ad.student.unsw.edu.au,z54544@ad.student.unsw.edu.au,Faculty of Engineering,School of Computer Sci & Eng,Doctorate,Casual Academic,wUPP4
93,z27693,qttag,ad.student.unsw.edu.au,z27693@ad.student.unsw.edu.au,Faculty of Engineering,School of Computer Sci & Eng,Doctorate,Casual Academic,aJVZO
94,z26743,nanhc,ad.student.unsw.edu.au,z26743@ad.student.unsw.edu.au,Faculty of Engineering,School of Computer Sci & Eng,Doctorate,Casual Academic,Tx06f
95,z11330,exocn,ad.student.unsw.edu.au,z11330@ad.student.unsw.edu.au,Faculty of Engineering,School of Computer Sci & Eng,Doctorate,Casual Academic,Ji31w
96,z82918,qonaf,ad.student.unsw.edu.au,z82918@ad.student.unsw.edu.au,Faculty of Engineering,School of Computer Sci & Eng,Doctorate,,lU6Lh
97,z73733,arual,ad.student.unsw.edu.au,z73733@ad.student.unsw.edu.au,Faculty of Engineering,School of Computer Sci & Eng,Doctorate,,H5ECt
98,z34966,trowm,ad.student.unsw.edu.au,z34966@ad.student.unsw.edu.au,Faculty of Engineering,School of Computer Sci & Eng,Doctorate,,mM1hx
99,z98966,eboiy,ad.student.unsw.edu.au,z98966@ad.student.unsw.edu.au,Faculty of Engineering,School of Computer Sci & Eng,Doctorate,,SxzlB
100,z58853,cjclw,ad.student.unsw.edu.au,z58853@ad.student.unsw.edu.au,Faculty of Engineering,School of Computer Sci & Eng,Masters Degree (Research),,4aiHy
101,z27693,cmpxy,ad.student.unsw.edu.au,z27693@ad.student.unsw.edu.au,Faculty of Engineering,School of Computer Sci & Eng,Doctorate,,sdWOc
102,z26743,lnczb,ad.student.unsw.edu.au,z26743@ad.student.unsw.edu.au,Faculty of Engineering,School of Computer Sci & Eng,Doctorate,,vqcCi
103,z11330,qelcs,ad.student.unsw.edu.au,z11330@ad.student.unsw.edu.au,Faculty of Engineering,School of Computer Sci & Eng,Doctorate,,5n82i
104,z82918,xhooq,ad.student.unsw.edu.au,z82918@ad.student.unsw.edu.au,Faculty of Engineering,School of Computer Sci & Eng,Masters Degree (Research),,0A2y1
105,z73733,qttag,ad.student.unsw.edu.au,z73733@ad.student.unsw.edu.au,Faculty of Engineering,School of Computer Sci & Eng,Masters Degree (Research),,XdYSH
106,z34966,nanhc,ad.student.unsw.edu.au,z34966@ad.student.unsw.edu.au,Faculty of Engineering,School of Computer Sci & Eng,Doctorate,,NwQU7
107,z98966,exocn,ad.student.unsw.edu.au,z98966@ad.student.unsw.edu.au,Faculty of Engineering,School of Computer Sci & Eng,Masters Degree (Research),,9wdp3
108,z58853,qonaf,ad.student.unsw.edu.au,z58853@ad.student.unsw.edu.au,Faculty of Engineering,School of Computer Sci & Eng,Doctorate,,...
109,z10987,...,ad.student.unsw.edu.au,z10987@ad.student.unsw.edu.au,Faculty of Engineering,School of Computer Sci & Eng,Doctorate,,MFIe
110,z34509,crioa,ad.student.unsw.edu.au,z34509@ad.student.unsw.edu.au,Faculty of Engineering,School of Computer Sci & Eng,Doctorate,,U7QJE
111,z36960,eboiy,ad.student.unsw.edu.au,z36960@ad.student.unsw.edu.au,Faculty of Engineering,School of Computer Sci & Eng,Doctorate,,P9CrD
112,z36574,eboiy,ad.student.unsw.edu.au,z36574@ad.student.unsw.edu.au,Faculty of Engineering,School of Computer Sci & Eng,Doctorate,,DJWhf
113,z27693,cjclw,ad.student.unsw.edu.au,z27693@ad.student.unsw.edu.au,Faculty of Engineering,School of Computer Sci & Eng,Doctorate,,lrzTl
114,z26743,cmpxy,ad.student.unsw.edu.au,z26743@ad.student.unsw.edu.au,Faculty of Engineering,School of Computer Sci & Eng,Masters Degree (Research),,ntOHl
115,z11330,lnczb,ad.student.unsw.edu.au,z11330@ad.student.unsw.edu.au,Faculty of Engineering,School of Computer Sci & Eng,Doctorate,,pWzjA
116,z82918,qelcs,ad.student.unsw.edu.au,z82918@ad.student.unsw.edu.au,Faculty of Engineering,School of Computer Sci & Eng,Masters Degree (Research),,az60P
117,z73733,xhooq,ad.student.unsw.edu.au,z73733@ad.student.unsw.edu.au,Faculty of Engineering,School of Computer Sci & Eng,Doctorate,,VDV0T
118,z34966,qttag,ad.student.unsw.edu.au,z34966@ad.student.unsw.edu.au,Faculty of Engineering,School of Computer Sci & Eng,Doctorate,,n62ZF
119,z98966,nanhc,ad.student.unsw.edu.au,z98966@ad.student.unsw.edu.au,Faculty of Engineering,School of Computer Sci & Eng,Doctorate,,8xN2O
120,z58853,exocn,ad.student.unsw.edu.au,z58853@ad.student.unsw.edu.au,Faculty of Engineering,School of Computer Sci & Eng,Doctorate,,tQVCB
121,z27693,qonaf,ad.student.unsw.edu.au,z27693@ad.student.unsw.edu.au,Faculty of Engineering,School of Computer Sci & Eng,Doctorate,,ZUgpY
122,z26743,vzsdv,ad.student.unsw.edu.au,z26743@ad.student.unsw.edu.au,Faculty of Engineering,School of Computer Sci & Eng,Doctorate,,Qp3LT
123,z11330,dxsaa,ad.student.unsw.edu.au,z11330@ad.student.unsw.edu.au,Faculty of Engineering,School of Computer Sci & Eng,Masters Degree (Research),Casual Academic,hePiv
124,z82918,eboiy,ad.student.unsw.edu.au,z82918@ad.student.unsw.edu.au,Faculty of Engineering,School of Computer Sci & Eng,Doctorate,,iMe7Q
125,z73733,cjclw,ad.student.unsw.edu.au,z73733@ad.student.unsw.edu.au,Faculty of Engineering,School of Computer Sci & Eng,Doctorate,,9KAXU
126,z34966,cmpxy,ad.student.unsw.edu.au,z34966@ad.student.unsw.edu.au,Faculty of Engineering,School of Computer Sci & Eng,Doctorate,,AwX9x
127,z98966,lnczb,ad.student.unsw.edu.au,z98966@ad.student.unsw.edu.au,Faculty of Engineering,School of Computer Sci & Eng,Masters Degree (Research),Casual Academic,cbdAL
128,z58853,qelcs,ad.student.unsw.edu.au,z58853@ad.student.unsw.edu.au,Faculty of Engineering,School of Computer Sci & Eng,Doctorate,,nlTw9
129,z10987,xhooq,ad.student.unsw.edu.au,z10987@ad.student.unsw.edu.au,Faculty of Engineering,School of Computer Sci & Eng,Doctorate,,dAoV5
130,z34509,qttag,ad.student.unsw.edu.au,z34509@ad.student.unsw.edu.au,Faculty of Engineering,School of Computer Sci & Eng,Masters Degree (Research),,mPQEK
131,z25874,nanhc,ad.student.unsw.edu.au,z25874@ad.student.unsw.edu.au,Faculty of Engineering,School of Computer Sci & Eng,Doctorate,,LxEXb
132,z98799,exocn,ad.student.unsw.edu.au,z98799@ad.student.unsw.edu.au,Faculty of Engineering,School of Computer Sci & Eng,Doctorate,,CrpAX
133,z27693,qonaf,ad.student.unsw.edu.au,z27693@ad.student.unsw.edu.au,Faculty of Engineering,School of Computer Sci & Eng,Doctorate,,VYZD5
134,z26743,hdsbf ,ad.student.unsw.edu.au,z26743@ad.student.unsw.edu.au,Faculty of Engineering,School of Computer Sci & Eng,Doctorate,,oOEDu
135,z11330,asfda,ad.student.unsw.edu.au,z11330@ad.student.unsw.edu.au,Faculty of Engineering,School of Computer Sci & Eng,Doctorate,,iZnwI
136,z82918,eboiy,ad.student.unsw.edu.au,z82918@ad.student.unsw.edu.au,Faculty of Engineering,School of Computer Sci & Eng,Doctorate,,AVigh
137,z73733,cjclw,ad.student.unsw.edu.au,z73733@ad.student.unsw.edu.au,Faculty of Engineering,School of Computer Sci & Eng,Masters Degree (Research),,yRhiu
138,z34966,cmpxy,ad.student.unsw.edu.au,z34966@ad.student.unsw.edu.au,Faculty of Engineering,School of Computer Sci & Eng,Doctorate,,VuJpa
139,z98966,lnczb,ad.student.unsw.edu.au,z98966@ad.student.unsw.edu.au,Faculty of Engineering,School of Computer Sci & Eng,Doctorate,,7nlwn
140,z58853,qelcs,ad.student.unsw.edu.au,z58853@ad.student.unsw.edu.au,Faculty of Engineering,School of Computer Sci & Eng,Doctorate,Casual Academic,vi3l7
141,z27693,xhooq,ad.student.unsw.edu.au,z27693@ad.student.unsw.edu.au,Faculty of Engineering,School of Computer Sci & Eng,Doctorate,,12344
142,z26743,qttag,ad.student.unsw.edu.au,z26743@ad.student.unsw.edu.au,Faculty of Engineering,School of Computer Sci & Eng,Doctorate,,CTKQ
143,z11330,nanhc,ad.student.unsw.edu.au,z11330@ad.student.unsw.edu.au,Faculty of Engineering,School of Computer Sci & Eng,Doctorate,,iE2v1
144,z82918,exocn,ad.student.unsw.edu.au,z82918@ad.student.unsw.edu.au,Faculty of Engineering,School of Computer Sci & Eng,Masters Degree (Research),,g54lY
145,z73733,qonaf,ad.student.unsw.edu.au,z73733@ad.student.unsw.edu.au,Faculty of Engineering,School of Computer Sci & Eng,Masters Degree (Research),,373rA
146,z34966,rstsz,ad.student.unsw.edu.au,z34966@ad.student.unsw.edu.au,Faculty of Engineering,School of Computer Sci & Eng,Masters Degree (Research),,Zvttw
147,z98966,fdgss,ad.student.unsw.edu.au,z98966@ad.student.unsw.edu.au,Faculty of Engineering,School of Computer Sci & Eng,Masters Degree (Research),,ojg8l
148,z58853,eboiy,ad.student.unsw.edu.au,z58853@ad.student.unsw.edu.au,Faculty of Engineering,School of Computer Sci & Eng,Masters Degree (Research),,W2uwt
149,z10987,eboiy,ad.student.unsw.edu.au,z10987@ad.student.unsw.edu.au,Faculty of Engineering,School of Computer Sci & Eng,Doctorate,Casual Academic,ehE2R
150,z34509,cjclw,ad.student.unsw.edu.au,z34509@ad.student.unsw.edu.au,Faculty of Engineering,School of Computer Sci & Eng,Masters Degree (Research),Casual Academic,SsPlI
151,z21212,cmpxy,ad.student.unsw.edu.au,z21212@ad.student.unsw.edu.au,Faculty of Engineering,School of Computer Sci & Eng,Doctorate,,Zuazw
152,z12132,lnczb,ad.student.unsw.edu.au,z12132@ad.student.unsw.edu.au,Faculty of Engineering,School of Computer Sci & Eng,Doctorate,,bwBXK
153,z27693,qelcs,ad.student.unsw.edu.au,z27693@ad.student.unsw.edu.au,Faculty of Engineering,School of Computer Sci & Eng,Doctorate,,71lOj
154,z26743,xhooq,ad.student.unsw.edu.au,z26743@ad.student.unsw.edu.au,Faculty of Engineering,School of Computer Sci & Eng,Doctorate,,3mNXj
155,z11330,qttag,ad.student.unsw.edu.au,z11330@ad.student.unsw.edu.au,Faculty of Engineering,School of Computer Sci & Eng,Doctorate,,GoCOW
156,z82918,nanhc,ad.student.unsw.edu.au,z82918@ad.student.unsw.edu.au,Faculty of Engineering,School of Computer Sci & Eng,Doctorate,,094Fh
157,z73733,exocn,ad.student.unsw.edu.au,z73733@ad.student.unsw.edu.au,Faculty of Engineering,School of Computer Sci & Eng,Doctorate,,CSBYO
158,z34966,qonaf,ad.student.unsw.edu.au,z34966@ad.student.unsw.edu.au,Faculty of Engineering,School of Computer Sci & Eng,Doctorate,,WcTkc
159,z98966,warfs,ad.student.unsw.edu.au,z98966@ad.student.unsw.edu.au,Faculty of Engineering,School of Computer Sci & Eng,Masters Degree (Research),,5XYII
160,z58853,xzfcx,ad.student.unsw.edu.au,z58853@ad.student.unsw.edu.au,Faculty of Engineering,School of Computer Sci & Eng,Doctorate,,JaPR2
161,z27693,eboiy,ad.student.unsw.edu.au,z27693@ad.student.unsw.edu.au,Faculty of Engineering,School of Computer Sci & Eng,Doctorate,,N061t
162,z26743,cjclw,ad.student.unsw.edu.au,z26743@ad.student.unsw.edu.au,Faculty of Engineering,School of Computer Sci & Eng,Doctorate,,zMg5W
163,z11330,cmpxy,ad.student.unsw.edu.au,z11330@ad.student.unsw.edu.au,Faculty of Engineering,School of Computer Sci & Eng,Doctorate,Casual Academic,vXKHb
164,z82918,lnczb,ad.student.unsw.edu.au,z82918@ad.student.unsw.edu.au,Faculty of Engineering,School of Computer Sci & Eng,Doctorate,Casual Academic,oLuBt
165,z73733,qelcs,ad.student.unsw.edu.au,z73733@ad.student.unsw.edu.au,Faculty of Engineering,School of Computer Sci & Eng,Masters Degree (Research),,kGFbG
166,z34966,xhooq,ad.student.unsw.edu.au,z34966@ad.student.unsw.edu.au,Faculty of Engineering,School of Computer Sci & Eng,Doctorate,,nhqjT
167,z98966,qttag,ad.student.unsw.edu.au,z98966@ad.student.unsw.edu.au,Faculty of Engineering,School of Computer Sci & Eng,Doctorate,Casual Academic,ycAgs
168,z58853,nanhc,ad.student.unsw.edu.au,z58853@ad.student.unsw.edu.au,Faculty of Engineering,School of Computer Sci & Eng,Masters Degree (Research),,wUPP4
169,z10987,exocn,ad.student.unsw.edu.au,z10987@ad.student.unsw.edu.au,Faculty of Engineering,School of Computer Sci & Eng,Masters Degree (Research),,aJVZO
170,z34509,qonaf,ad.student.unsw.edu.au,z34509@ad.student.unsw.edu.au,Faculty of Engineering,School of Computer Sci & Eng,Masters Degree (Research),,Tx06f
171,z34510,xxcda,ad.student.unsw.edu.au,z34510@ad.student.unsw.edu.au,Faculty of Engineering,School of Computer Sci & Eng,Masters Degree (Research),,Ji31w
172,z34506,zsdcs,ad.student.unsw.edu.au,z34506@ad.student.unsw.edu.au,Faculty of Engineering,School of Computer Sci & Eng,Doctorate,,lU6Lh
173,z27693,eboiy,ad.student.unsw.edu.au,z27693@ad.student.unsw.edu.au,Faculty of Engineering,School of Computer Sci & Eng,Doctorate,,H5ECt
174,z26743,cjclw,ad.student.unsw.edu.au,z26743@ad.student.unsw.edu.au,Faculty of Engineering,School of Computer Sci & Eng,Masters Degree (Research),,mM1hx
175,z11330,cmpxy,ad.student.unsw.edu.au,z11330@ad.student.unsw.edu.au,Faculty of Engineering,School of Computer Sci & Eng,Masters Degree (Research),,SxzlB
176,z82918,lnczb,ad.student.unsw.edu.au,z82918@ad.student.unsw.edu.au,Faculty of Engineering,School of Computer Sci & Eng,Doctorate,,4aiHy
177,z73733,qelcs,ad.student.unsw.edu.au,z73733@ad.student.unsw.edu.au,Faculty of Engineering,School of Computer Sci & Eng,Doctorate,,sdWOc
178,z34966,xhooq,ad.student.unsw.edu.au,z34966@ad.student.unsw.edu.au,Faculty of Engineering,School of Computer Sci & Eng,Doctorate,,vqcCi
179,z98966,qttag,ad.student.unsw.edu.au,z98966@ad.student.unsw.edu.au,Faculty of Engineering,School of Computer Sci & Eng,Doctorate,,5n82i
180,z58853,nanhc,ad.student.unsw.edu.au,z58853@ad.student.unsw.edu.au,Faculty of Engineering,School of Computer Sci & Eng,Doctorate,,0A2y1
181,z27693,exocn,ad.student.unsw.edu.au,z27693@ad.student.unsw.edu.au,Faculty of Engineering,School of Computer Sci & Eng,Doctorate,,XdYSH
182,z26743,qonaf,ad.student.unsw.edu.au,z26743@ad.student.unsw.edu.au,Faculty of Engineering,School of Computer Sci & Eng,Masters Degree (Research),,NwQU7
183,z11330,hcssf,ad.student.unsw.edu.au,z11330@ad.student.unsw.edu.au,Faculty of Engineering,School of Computer Sci & Eng,Doctorate,,9wdp3
184,z82918,dsffs,ad.student.unsw.edu.au,z82918@ad.student.unsw.edu.au,Faculty of Engineering,School of Computer Sci & Eng,Doctorate,,7633f
185,z73733,eboiy,ad.student.unsw.edu.au,z73733@ad.student.unsw.edu.au,Faculty of Engineering,School of Computer Sci & Eng,Doctorate,,MFIe
186,z34966,eboiy,ad.student.unsw.edu.au,z34966@ad.student.unsw.edu.au,Faculty of Engineering,School of Computer Sci & Eng,Doctorate,,U7QJE
187,z98966,cjclw,ad.student.unsw.edu.au,z98966@ad.student.unsw.edu.au,Faculty of Engineering,School of Computer Sci & Eng,Doctorate,Casual Academic,P9CrD
188,z58853,cmpxy,ad.student.unsw.edu.au,z58853@ad.student.unsw.edu.au,Faculty of Engineering,School of Computer Sci & Eng,Masters Degree (Research),Casual Academic,DJWhf
189,z10987,lnczb,ad.student.unsw.edu.au,z10987@ad.student.unsw.edu.au,Faculty of Engineering,School of Computer Sci & Eng,Doctorate,,lrzTl
190,z34509,qelcs,ad.student.unsw.edu.au,z34509@ad.student.unsw.edu.au,Faculty of Engineering,School of Computer Sci & Eng,Doctorate,,ntOHl
191,z10988,xhooq,ad.student.unsw.edu.au,z10988@ad.student.unsw.edu.au,Faculty of Engineering,School of Computer Sci & Eng,Doctorate,,pWzjA
192,z26747,qttag,ad.student.unsw.edu.au,z26747@ad.student.unsw.edu.au,Faculty of Engineering,School of Computer Sci & Eng,Doctorate,,az60P
193,z27693,nanhc,ad.student.unsw.edu.au,z27693@ad.student.unsw.edu.au,Faculty of Engineering,School of Computer Sci & Eng,Masters Degree (Research),,VDV0T
194,z26743,exocn,ad.student.unsw.edu.au,z26743@ad.student.unsw.edu.au,Faculty of Engineering,School of Computer Sci & Eng,Doctorate,,n62ZF
195,z11330,qonaf,ad.student.unsw.edu.au,z11330@ad.student.unsw.edu.au,Faculty of Engineering,School of Computer Sci & Eng,Masters Degree (Research),,8xN2O
196,z82918,oiuyh,ad.student.unsw.edu.au,z82918@ad.student.unsw.edu.au,Faculty of Engineering,School of Computer Sci & Eng,Masters Degree (Research),,tQVCB
197,z73733,poklk,ad.student.unsw.edu.au,z73733@ad.student.unsw.edu.au,Faculty of Engineering,School of Computer Sci & Eng,Doctorate,,ZUgpY
198,z34966,eboiy,ad.student.unsw.edu.au,z34966@ad.student.unsw.edu.au,Faculty of Engineering,School of Computer Sci & Eng,Masters Degree (Research),Casual Academic,Qp3LT
199,z98966,cjclw,ad.student.unsw.edu.au,z98966@ad.student.unsw.edu.au,Faculty of Engineering,School of Computer Sci & Eng,Doctorate,Casual Academic,hePiv
200,z58853,cmpxy,ad.student.unsw.edu.au,z58853@ad.student.unsw.edu.au,Faculty of Engineering,School of Computer Sci & Eng,Doctorate,,iMe7Q
201,z27693,lnczb,ad.student.unsw.edu.au,z27693@ad.student.unsw.edu.au,Faculty of Engineering,School of Computer Sci & Eng,Doctorate,,9KAXU
202,z26743,qelcs,ad.student.unsw.edu.au,z26743@ad.student.unsw.edu.au,Faculty of Engineering,School of Computer Sci & Eng,Doctorate,,AwX9x
203,z11330,xhooq,ad.student.unsw.edu.au,z11330@ad.student.unsw.edu.au,Faculty of Engineering,School of Computer Sci & Eng,Doctorate,,cbdAL
204,z82918,qttag,ad.student.unsw.edu.au,z82918@ad.student.unsw.edu.au,Faculty of Engineering,School of Computer Sci & Eng,Doctorate,Casual Academic,nlTw9
205,z73733,nanhc,ad.student.unsw.edu.au,z73733@ad.student.unsw.edu.au,Faculty of Engineering,School of Computer Sci & Eng,Masters Degree (Research),Casual Academic,dAoV5
206,z34966,exocn,ad.student.unsw.edu.au,z34966@ad.student.unsw.edu.au,Faculty of Engineering,School of Computer Sci & Eng,Masters Degree (Research),,vXKHb
207,z98966,qonaf,ad.student.unsw.edu.au,z98966@ad.student.unsw.edu.au,Faculty of Engineering,School of Computer Sci & Eng,Doctorate,,oLuBt
208,z58853,lkiol,ad.student.unsw.edu.au,z58853@ad.student.unsw.edu.au,Faculty of Engineering,School of Computer Sci & Eng,Doctorate,,kGFbG
209,z10987,sspol,ad.student.unsw.edu.au,z10987@ad.student.unsw.edu.au,Faculty of Engineering,School of Computer Sci & Eng,Masters Degree (Research),,nhqjT
210,z34509,eboiy,ad.student.unsw.edu.au,z34509@ad.student.unsw.edu.au,Faculty of Engineering,School of Computer Sci & Eng,Doctorate,,ycAgs
211,z22225,cjclw,ad.student.unsw.edu.au,z22225@ad.student.unsw.edu.au,Faculty of Engineering,School of Computer Sci & Eng,Doctorate,,wUPP4
212,z54552,cmpxy,ad.student.unsw.edu.au,z54552@ad.student.unsw.edu.au,Faculty of Engineering,School of Computer Sci & Eng,Doctorate,,aJVZO
213,z27693,lnczb,ad.student.unsw.edu.au,z27693@ad.student.unsw.edu.au,Faculty of Engineering,School of Computer Sci & Eng,Doctorate,,Tx06f
214,z26743,qelcs,ad.student.unsw.edu.au,z26743@ad.student.unsw.edu.au,Faculty of Engineering,School of Computer Sci & Eng,Masters Degree (Research),,Ji31w
215,z11330,xhooq,ad.student.unsw.edu.au,z11330@ad.student.unsw.edu.au,Faculty of Engineering,School of Computer Sci & Eng,Doctorate,,lU6Lh
216,z82918,qttag,ad.student.unsw.edu.au,z82918@ad.student.unsw.edu.au,Faculty of Engineering,School of Computer Sci & Eng,Doctorate,,H5ECt
217,z73733,nanhc,ad.student.unsw.edu.au,z73733@ad.student.unsw.edu.au,Faculty of Engineering,School of Computer Sci & Eng,Masters Degree (Research),,mM1hx
218,z34966,exocn,ad.student.unsw.edu.au,z34966@ad.student.unsw.edu.au,Faculty of Engineering,School of Computer Sci & Eng,Doctorate,,SxzlB
219,z98966,qonaf,ad.student.unsw.edu.au,z98966@ad.student.unsw.edu.au,Faculty of Engineering,School of Computer Sci & Eng,Doctorate,Casual Academic,4aiHy
220,z58853,vvsad,ad.student.unsw.edu.au,z58853@ad.student.unsw.edu.au,Faculty of Engineering,School of Computer Sci & Eng,Doctorate,Casual Academic,sdWOc
221,z27693,bbvhv,ad.student.unsw.edu.au,z27693@ad.student.unsw.edu.au,Faculty of Engineering,School of Computer Sci & Eng,Doctorate,Casual Academic,vqcCi
222,z26743,eboiy,ad.student.unsw.edu.au,z26743@ad.student.unsw.edu.au,Faculty of Engineering,School of Computer Sci & Eng,Doctorate,,5n82i
223,z11330,eboiy,ad.student.unsw.edu.au,z11330@ad.student.unsw.edu.au,Faculty of Engineering,School of Computer Sci & Eng,Masters Degree (Research),,0A2y1
224,z82918,cjclw,ad.student.unsw.edu.au,z82918@ad.student.unsw.edu.au,Faculty of Engineering,School of Computer Sci & Eng,Doctorate,,XdYSH
225,z73733,cmpxy,ad.student.unsw.edu.au,z73733@ad.student.unsw.edu.au,Faculty of Engineering,School of Computer Sci & Eng,Doctorate,,NwQU7
226,z34966,lnczb,ad.student.unsw.edu.au,z34966@ad.student.unsw.edu.au,Faculty of Engineering,School of Computer Sci & Eng,Doctorate,,9wdp3
227,z98966,qelcs,ad.student.unsw.edu.au,z98966@ad.student.unsw.edu.au,Faculty of Engineering,School of Computer Sci & Eng,Doctorate,,...
228,z58853,xhooq,ad.student.unsw.edu.au,z58853@ad.student.unsw.edu.au,Faculty of Engineering,School of Computer Sci & Eng,Masters Degree (Research),,MFIe
229,z10987,qttag,ad.student.unsw.edu.au,z10987@ad.student.unsw.edu.au,Faculty of Engineering,School of Computer Sci & Eng,Doctorate,,U7QJE
230,z34509,nanhc,ad.student.unsw.edu.au,z34509@ad.student.unsw.edu.au,Faculty of Engineering,School of Computer Sci & Eng,Doctorate,,P9CrD
